name_company;adr_company;tel_company;tel_company_02;email_company;www_company;link_company;social_company
MRS KFZ-Service;Hohensteinstr. 2273079 Sen;(07162) 939700;No phone additionally;info@mrs-kfz-service.de;http://www.mrs-kfz.de/;https://www.11880.com/branchenbuch/suessen/012010409B29522915/mrs-kfz-service.html;No social
Autohaus Klaus;Metzstr. 1586316 Friedberg, Bayern;(0821) 62239;Weitere Kontaktdaten, (0821) 62239, (0821) 69530;info@fiat-klaus.de;http://www.fiat-klaus.de;https://www.11880.com/branchenbuch/friedberg-bayern/012010410B28039836/autohaus-klaus.html;No social
MGP - Mein GebrauchtwagenPartner GmbH & Co. KG;Schmarler Damm 4 b18069 Rostock (Schmarl);(0381) 66096060;No phone additionally;werkstatt@mein-gebrauchtwagen-partner.de;https://mein-gebrauchtwagen-partner.de;https://www.11880.com/branchenbuch/rostock/012010409B108814984/mgp-mein-gebrauchtwagenpartner-gmbh-co-kg.html;No social
Vonau Corse;Hersbrucker Str. 3891207 Lauf;(09123) 9808797;No phone additionally;vonaucorse@web.de;https://www.vonau-corse.de;https://www.11880.com/branchenbuch/lauf-an-der-pegnitz/012010409B102658146/vonau-corse.html;No social
Autohaus Schrn GmbH;Langenfelder Str. 10836433 Bad Salzungen;(03695) 852041;Weitere Kontaktdaten, (03695) 852041, (03695) 852042;info@autohaus-schroen.de;http://www.autohaus-schroen.de;https://www.11880.com/branchenbuch/bad-salzungen/012010409B100112665/autohaus-schroen-gmbh.html;No social
Marek Matyja KFZ-Werkstatt Meisterbetrieb;Hindenburgstr. 778087 Mnchweiler;(07721) 963568;Weitere Kontaktdaten, (07721) 963568, (07721) 963569;m.matyja@freenet.de;https://www.mozema.de;https://www.11880.com/branchenbuch/moenchweiler/012080455B28896923/marek-matyja-kfz-werkstatt-meisterbetrieb.html;No social
Reinhardt Wirth KFZ-Werkstatt;Jllenbecker Str. 1433824 Werther;(05203) 882830;Weitere Kontaktdaten, (05203) 882830, (05203) 882832;info@wirthkfz.de;http://www.wirthkfz.de;https://www.11880.com/branchenbuch/werther-westfalen/012010409B29442196/reinhardt-wirth-kfz-werkstatt.html;No social
Hans Landen;Landstr. 5352441 Linnich (Gereonsweiler);(02462) 6111;Weitere Kontaktdaten, (02462) 6111, (02462) 5450;h.landen@autohaus-landen.de;https://www.autohaus-landen.de;https://www.11880.com/branchenbuch/linnich/012010409B44200073/hans-landen.html;No social
Ritter KFZ-Meisterbetrieb und Abschleppdienst;Bernwardstr. 831174 Schellerten (Whle);(05123) 7457;No phone additionally;kfz-ritter@gmx.de;https://www.kfz-ritter.com/;https://www.11880.com/branchenbuch/schellerten/012010409B27579336/ritter-kfz-meisterbetrieb-und-abschleppdienst.html;No social
Beulenprofi;Ruhrallee 145138 Essen (Sdostviertel);(0201) 2799063;No phone additionally;info@autohaus-essen.de;http://www.autohaus-essen.de;https://www.11880.com/branchenbuch/essen-ruhr/012080418B41897270/beulenprofi.html;No social
Kfz-Werkstatt Laurent Marin;Pwesiner Weg 2113581 Berlin (Spandau);(030) 3312067;Weitere Kontaktdaten, (030) 3312067, (030) 3311885;l.marin@web.de;http://www.kfz-marin.de;https://www.11880.com/branchenbuch/berlin/012080446B44196208/kfz-werkstatt-laurent-marin.html;No social
Werkstatt Herholz UG;Hagenburger Str. 50 a31515 Wunstorf;(05031) 9394950;Weitere Kontaktdaten, (05031) 9394950, (05031) 949524;info@werkstatt-herholz.de;http://www.werkstatt-herholz.de;https://www.11880.com/branchenbuch/wunstorf/012080446B27906562/werkstatt-herholz-ug.html;No social
ADRM.eu Lackierzentrum;Industrieweg 1651429 Bergisch Gladbach (Kaule);No phone;Weitere Kontaktdaten, (02204) 9872830, (02204) 9872831;info@adrm.eu;https://www.adrm.eu/lackierzentrum.php;https://www.11880.com/branchenbuch/bergisch-gladbach/012080418B102483812/adrm-eu-lackierzentrum.html;No social
Auto Centrum B9;Koblenzer Str. 12153489 Sinzig;No phone;Weitere Kontaktdaten, (02642) 906950, (0177) 2366403, (02642) 906951;autoteile-simon@web.de;http://autocentrumb9.com/;https://www.11880.com/branchenbuch/sinzig-rhein/012070452B100125014/auto-centrum-b9.html;No social
Auto Conen GmbH;Rudolf-Diesel-Str. 1552351 Dren;No phone;Weitere Kontaktdaten, (02421) 95370, (02421) 505605;verkauf@conen-dueren.de;https://www.autoconen.de;https://www.11880.com/branchenbuch/dueren-rheinland/012010409B27126104/auto-conen-gmbh.html;https://facebook.com/auto.conen
Auto Conen GmbH Autohndler;Erkelenzer Str. 8052525 Heinsberg (Dremmen);No phone;Weitere Kontaktdaten, (02452) 9680, (02452) 968201;kontakt@auto-conen.de;https://www.auto-conen.de;https://www.11880.com/branchenbuch/heinsberg-rheinland/012010409B27530973/auto-conen-gmbh-autohaendler.html;https://facebook.com/pages/auto-conen-gmbh/130006480369717
Auto-Katthfer GmbH;Schrmannstr. 1845136 Essen (Bergerhausen);No phone;Weitere Kontaktdaten, (0201) 89515-0, (0201) 251833;info@katthoefer.de;https://katthoefer.de;https://www.11880.com/branchenbuch/essen-ruhr/012082826B27376463/auto-katthoefer-gmbh.html;https://facebook.com/autokatthoefer
Auto Schultz GmbH;Niedergeorgswerder Deich 9721109 Hamburg (Wilhelmsburg);No phone;Weitere Kontaktdaten, (040) 3117150, (040) 31171599;info@auto-schultz.de;https://www.auto-schultz.de;https://www.11880.com/branchenbuch/hamburg/012010409B26543085/auto-schultz-gmbh.html;https://de-de.facebook.com/autoschultz
Autohaus am Goetheplatz Karl Bauer & Shne GmbH;Lindwurmstr. 20 - 2480337 Mnchen (Ludwigsvorstadt-Isarvorstadt);No phone;Weitere Kontaktdaten, (089) 544180-0, (089) 54418010;r.santek@autohaus-am-goetheplatz.de;https://www.autohaus-am-goetheplatz.de;https://www.11880.com/branchenbuch/muenchen/012010409B26610105/autohaus-am-goetheplatz-karl-bauer-soehne-gmbh.html;No social
Autohaus Dannacker & Laudien GmbH & Co. KG;August-Horch-Str. 2221337 Lneburg (Neu Hagen);No phone;Weitere Kontaktdaten, (04131) 8886-0, (04131) 888650;info@mein-autozentrum.de;https://www.mein-autozentrum.de;https://www.11880.com/branchenbuch/lueneburg/012010409B27623664/autohaus-dannacker-laudien-gmbh-co-kg.html;No social
Autohaus Franz Tabor GmbH;Am Sundheimer Fort 277694 Kehl (Sundheim);No phone;No phone additionally;gebrauchtwagen@autohaus-tabor.de;https://www.autohaus-tabor.de/;https://www.11880.com/branchenbuch/kehl-rhein/012010409B26715166/autohaus-franz-tabor-gmbh.html;No social
Autohaus Glinicke GmbH;Ringstr. 932427 Minden (Innenstadt);No phone;Weitere Kontaktdaten, (0571) 8887-0, (0571) 888725;glinicke-erfurt@glinicke.de;https://www.glinicke.de/owl/;https://www.11880.com/branchenbuch/minden-westfalen/012010409B43902083/autohaus-glinicke-gmbh.html;https://facebook.com/pages/autohaus-glinicke/162686693744389
Autohaus Griesbeck GmbH & Co. KG;Straubinger Str. 25 - 2794447 Plattling;No phone;Weitere Kontaktdaten, (09931) 9152-0, (0171) 672177, (09931) 5515;info@griesbeck-deggendorf.fsoc.de;https://www.ford-griesbeck-plattling.de;https://www.11880.com/branchenbuch/plattling/012010409B33687777/autohaus-griesbeck-gmbh-co-kg.html;No social
Autohaus Hessenkassel GmbH & Co Vertriebs KG;Leipziger Str. 15634123 Kassel (Bettenhausen);No phone;Weitere Kontaktdaten, (0561) 5006-0, (0561) 5006109;andreas.loeffler@glinicke.de;https://www.glinicke.de/autohaus/kassel/volkswagen-hessenkassel/https://www.glinicke.de/autohaus/kassel/volkswagen-hessenkassel/;https://www.11880.com/branchenbuch/kassel-hessen/012080446B25940906/autohaus-hessenkassel-gmbh-co-vertriebs-kg.html;No social
Autohaus MK Maring GmbH;Sudetenstr. 1438114 Braunschweig;No phone;Weitere Kontaktdaten, (0531) 5809930, (0531) 501663;info@mk-maring.de;http://mk-maring.de;https://www.11880.com/branchenbuch/braunschweig/012010409B29649718/autohaus-mk-maring-gmbh.html;https://facebook.com/pages/alfa-romeo-braunschweig-autohaus-mk-maring/103605169709430
Autohaus Pagel Lahe GmbH & Co. KG;Kirchhorster Str. 2130659 Hannover (Lahe);No phone;Weitere Kontaktdaten, (0511) 215557-77, (0511) 21555797;info@autohaus-pagel.de;http://honda-hannover.de;https://www.11880.com/branchenbuch/hannover/012010409B43224221/autohaus-pagel-lahe-gmbh-co-kg.html;No social
Autohaus Rolf Horn GmbH;Bahnstr. 1352355 Dren (Rlsdorf);No phone;Weitere Kontaktdaten, (02421) 96800-0, (02421) 66467;info@rolfhorn.de;https://www.rolfhorn.de;https://www.11880.com/branchenbuch/dueren-rheinland/012010409B26865459/autohaus-rolf-horn-gmbh.html;No social
Autohaus Rolf Horn GmbH;Rudolf-Diesel-Str. 552428 Jlich;No phone;Weitere Kontaktdaten, (02461) 9357-0, (02461) 935719;info@rolfhorn.de;http://www.bmw-rolfhorn.de;https://www.11880.com/branchenbuch/juelich/012010409B26290044/autohaus-rolf-horn-gmbh.html;No social
Autohaus Tabor GmbH RENAULT;Von-Drais-Str. 277855 Achern;No phone;Weitere Kontaktdaten, (07841) 702580, (07841) 7025823;florian.tabor@autohaus-tabor.de;https://www.autohaus-tabor.de;https://www.11880.com/branchenbuch/achern-baden/012010409B26668389/autohaus-tabor-gmbh-renault.html;No social
AUTOLAND Kthen;Merziener Str. 1006366 Kthen (Klepzig);No phone;Weitere Kontaktdaten, (03496) 3030-30, (03496) 3030-33;verkauf@autolandkoethen.de;http://www.autolandkoethen.de;https://www.11880.com/branchenbuch/koethen-anhalt/012084338B26974625/autoland-koethen.html;No social
B. Sperling & Sohn GmbH Autohaus;Wendenstr. 27420537 Hamburg (Hamm-Sd);No phone;Weitere Kontaktdaten, (040) 251724-0, (040) 251724-30;info@sperling-sohn.de;http://ford-sperling-hamburg.de;https://www.11880.com/branchenbuch/hamburg/012011924B104698341/b-sperling-sohn-gmbh-autohaus.html;No social
Bernd Quinque Autohaus Service Verkauf;Berliner Str. 2913127 Berlin (Buchholz);No phone;Weitere Kontaktdaten, (030) 4741358, (030) 49852906;info@bernd-quinque.de;https://www.bernd-quinque.de;https://www.11880.com/branchenbuch/berlin/012080446B101747341/bernd-quinque-autohaus-service-verkauf.html;No social
Car Akustik;Hohemarkstr. 7361440 Oberursel;No phone;Weitere Kontaktdaten, (06171) 59175, (06171) 59176;info@car-akustik-oberursel.de;https://car-akustik-oberursel.de;https://www.11880.com/branchenbuch/oberursel-taunus/012080463B29436107/car-akustik.html;https://facebook.com/carakustikoberursel
CASA Automobile GmbH;Hanns-Klemm-Str. 4471034 Bblingen (West);No phone;Weitere Kontaktdaten, (07031) 21386-0, (07031) 21386-68;info@casa-automobile.de;https://casa-automobile.de;https://www.11880.com/branchenbuch/boeblingen/012010409B26149049/casa-automobile-gmbh.html;https://facebook.com/casaautomobile
Cpmobiles Autohandel;Adlergestell 35112489 Berlin (Adlershof);No phone;Weitere Kontaktdaten, (030) 278791-0, (030) 278791-30;info@coepmobiles.de;http://www.fiat-heuer.com;https://www.11880.com/branchenbuch/berlin/012010409B26717670/coepmobiles-autohandel.html;No social
DiT Gttingen GmbH;Hans-Bckler-Str. 2637079 Gttingen (Grone);No phone;Weitere Kontaktdaten, (0551) 305407-0, (0551) 305407-29;info@dit-goettingen.de;http://www.dit-goettingen.de/;https://www.11880.com/branchenbuch/goettingen-niedersachsen/012010409B43852984/dit-goettingen-gmbh.html;No social
Dnnes Automobile GmbH;Innstr. 1193059 Regensburg (Weichs);No phone;Weitere Kontaktdaten, (0941) 49088-0, (0941) 41166;autohaus@duennes.de;https://www.sportwagen-kaufen.de;https://www.11880.com/branchenbuch/regensburg/012010409B52907200/duennes-automobile-gmbh.html;No social
Ernst Jntgen GmbH;Dieselstr. 942781 Haan;No phone;Weitere Kontaktdaten, (02129) 9409-0, (0212) 9940911;info@juentgen.de;https://www.mercedes-benz-juentgen.de;https://www.11880.com/branchenbuch/haan-rheinland/012080446B101747891/ernst-juentgen-gmbh.html;No social
Fair Preis Reifenhandel GmbH;Lbecker Str. 5339124 Magdeburg (Neue Neustadt);No phone;Weitere Kontaktdaten, (0391) 2805248, (0391) 2805249;info@fair-preis-reifen.de;https://www.fair-preis-reifen.de;https://www.11880.com/branchenbuch/magdeburg/012084338B54359974/fair-preis-reifenhandel-gmbh.html;No social
Fdisch Norbert Autohaus Peugeot Vertragshndler;Leibnizstr. 1738228 Salzgitter (Lebenstedt);No phone;Weitere Kontaktdaten, (05341) 50111, (05341) 8673229;service@autogalerie-foedisch.de;http://foedisch-automobile.de;https://www.11880.com/branchenbuch/salzgitter/012010409B26057780/foedisch-norbert-autohaus-peugeot-vertragshaendler.html;No social
Heinz Steinbrecher KFZ-Meisterwerkstatt;Hammerbhl 1691349 Egloffstein (Hammerbhl);No phone;No phone additionally;info@kfz-steinbrecher.de;https://kfz-steinbrecher.de;https://www.11880.com/branchenbuch/egloffstein/012010409B28961767/heinz-steinbrecher-kfz-meisterwerkstatt.html;No social
J. Wenk's Automobil-Service;Am Osdorfer Born 1722549 Hamburg (Osdorf);No phone;Weitere Kontaktdaten, (040) 8002171, (040) 8005418;mail@wenks.de;https://www.wenks.de;https://www.11880.com/branchenbuch/hamburg/012010409B40038600/j-wenk-s-automobil-service.html;No social
KFZ-Meisterbetrieb Bernd Klimczak KFZ-Werksttte;Rurbenden 1452382 Niederzier (Huchem-Stammeln);No phone;Weitere Kontaktdaten, (02428) 802180, (02428) 802223;info@kfz-klimczak.de;https://www.kfz-klimczak.de;https://www.11880.com/branchenbuch/niederzier/012080446B26337944/kfz-meisterbetrieb-bernd-klimczak-kfz-werkstaette.html;No social
Langeheine GmbH;Schtzenwiese 331535 Neustadt am Rbenberge (Basse);No phone;Weitere Kontaktdaten, (05032) 1628, (0172) 5405532, (05032) 5426;info@langeheine-gmbh.de;https://point-s-langeheine.de;https://www.11880.com/branchenbuch/neustadt-am-ruebenberge/012084338B49675687/langeheine-gmbh.html;No social
Lehnigk GbR Reifen- & Autoservice;Cottbuser Str. 1403185 Peitz (Ottendorf);No phone;No phone additionally;reifen@reifenlehnigk.de;https://www.reifenlehnigk.de;https://www.11880.com/branchenbuch/peitz/012084338B102179815/lehnigk-gbr-reifen-autoservice.html;https://facebook.com/pages/point-s-reifen-autoservice-lehnigk-gbr/134087910006969
M & M Automobile GmbH Skoda;Hannoversche Heerstr. 8529227 Celle (Westercelle);No phone;Weitere Kontaktdaten, (05141) 48496300, (05141) 882114;celle@m-m-automobil.de;https://www.mein-autozentrum.de;https://www.11880.com/branchenbuch/celle/012010409B52012370/m-m-automobile-gmbh-skoda.html;No social
MTS Automobile GmbH Autohndler;Straheimer Str. 861169 Friedberg;No phone;No phone additionally;info@mts-mobile.de;https://mts-mobile.de/impressum/;https://www.11880.com/branchenbuch/friedberg-hessen/012010409B28056095/mts-automobile-gmbh-autohaendler.html;No social
Premio Reifen + Autoservice Secura Reifenservice GmbH;Friedrich-Olbricht-Damm 8113627 Berlin (Charlottenburg);No phone;Weitere Kontaktdaten, (030) 3441060, (030) 3446039;info@premio-secura.de;https://www.premio-secura.de;https://www.11880.com/branchenbuch/berlin/012084338B53893053/premio-reifen-autoservice-secura-reifenservice-gmbh.html;No social
Premio Reifen + Autoservice Secura Reifenservice GmbH;Industrieweg 4263450 Hanau;No phone;Weitere Kontaktdaten, (06181) 96996-0, (06181) 96996-25;info@premio-secura.de;https://www.premio-secura.de;https://www.11880.com/branchenbuch/hanau/012084338B101964726/premio-reifen-autoservice-secura-reifenservice-gmbh.html;No social
Reifen-Lehrke GmbH;Semerteichstr. 9044263 Dortmund (Hrde);No phone;Weitere Kontaktdaten, (0231) 419010, (0231) 554433;info@reifen-lehrke.de;https://www.reifen-lehrke.de;https://www.11880.com/branchenbuch/dortmund/012084338B27999748/reifen-lehrke-gmbh.html;No social
RKG Rheinische Kraftwagen GmbH & Co.KG;Bornheimer Str. 20053119 Bonn (Zentrum);No phone;No phone additionally;leadmanagement@rkg.de;https://www.rkg.de/;https://www.11880.com/branchenbuch/bonn/012010409B52604397/rkg-rheinische-kraftwagen-gmbh-co-kg.html;No social
Sander`s GmbH KFZ-Meisterbetrieb;Untere Brinkstr. 7544141 Dortmund (Mitte);No phone;Weitere Kontaktdaten, (0231) 595151, (0231) 597930;info@kfz-sander.de;http://kfz-sander.de;https://www.11880.com/branchenbuch/dortmund/012080446B26768581/sander-s-gmbh-kfz-meisterbetrieb.html;No social
Sonsbecker Reifenservice GbR;Alpener Str. 347665 Sonsbeck;No phone;Weitere Kontaktdaten, (02838) 424, (02838) 2277;reifen-ts@t-online.de;https://sonsbecker-reifenservice-point-s.de;https://www.11880.com/branchenbuch/sonsbeck/012084338B26866540/sonsbecker-reifenservice-gbr.html;No social
Station in der Klassikstadt KFZ-Betrieb;Orber Str. 4 A60386 Frankfurt (Fechenheim);No phone;No phone additionally;info@klassikstadt.de;http://www.klassikstadt.de;https://www.11880.com/branchenbuch/frankfurt-am-main/012080446B101552997/station-in-der-klassikstadt-kfz-betrieb.html;No social
Stricker Kurt GmbH & Co. KG Autohaus;Weidenweg 432805 Horn-Bad Meinberg (Horn);No phone;Weitere Kontaktdaten, (05234) 8233-0, (05234) 823333;info@autohaus-stricker.de;http://autohaus-stricker.de;https://www.11880.com/branchenbuch/horn-bad-meinberg/012010409B27649034/stricker-kurt-gmbh-co-kg-autohaus.html;No social
Sven Hager GmbH;Holzhauser Str. 158 a13509 Berlin (Borsigwalde);No phone;Weitere Kontaktdaten, (030) 8020870-0, (030) 802087019;hager@gruenerwerden.de;https://gruenerwerden.de;https://www.11880.com/branchenbuch/berlin/012010409B50303306/sven-hager-gmbh.html;No social
Sven Kotulla Reifendienst;Rudolf-Breitscheid-Str. 7814482 Potsdam (Babelsberg Nord);No phone;Weitere Kontaktdaten, (0331) 707313, (0331) 710348;verkauf@reifendienst-kotulla.de;https://www.reifendienst-kotulla.de/;https://www.11880.com/branchenbuch/potsdam/011653768B53589523/sven-kotulla-reifendienst.html;No social
Wankmller Autohaus GmbH;Bblinger Str. 3571034 Bblingen (Dagersheim);No phone;Weitere Kontaktdaten, (07031) 76198-0, (07031) 7619865;info@autohaus-wankmueller.com;https://www.autohaus-wankmueller.com;https://www.11880.com/branchenbuch/boeblingen/012010409B28104840/wankmueller-autohaus-gmbh.html;No social
Winter Reifen und Autoservice GmbH;Schauenstr. 3347228 Duisburg (Bergheim);(02065) 90790-0;Weitere Kontaktdaten, (02065) 90790-0, (02065) 90790-11;info@winter-point-s.de;https://www.winter-point-s.de;https://www.11880.com/branchenbuch/duisburg/012084338B100958365/winter-reifen-und-autoservice-gmbh.html;No social
ATM Auto Zentrum GmbH;Bahnhofstr. 4142781 Haan;No phone;Weitere Kontaktdaten, (0212) 99158859, (0212) 99158852;info@atm-autozentrum.de;https://kfz-werkstatt-service-atm-auto-zentrum-haan.autoreparaturen.de;https://www.11880.com/branchenbuch/haan-rheinland/012080446B102464829/atm-auto-zentrum-gmbh.html;https://facebook.com/pages/atm-auto-zentrum-gmbh/277852435726032
AUDI Zentrum Kassel;Dresdener Str. 534125 Kassel (Unterneustadt);No phone;Weitere Kontaktdaten, (0561) 5744-0, (0561) 5744-102;alina.baklanova@glinicke.de;https://www.glinicke.de/autohaus/kassel/;https://www.11880.com/branchenbuch/kassel-hessen/012010409B26751270/audi-zentrum-kassel.html;No social
Auto Bierschneider GmbH;Schtterlettenweg 1 - 385053 Ingolstadt;No phone;Weitere Kontaktdaten, (0841) 96688-0, (0841) 61614;info@bierschneider.de;https://bierschneider-ingolstadt.seat.de;https://www.11880.com/branchenbuch/ingolstadt-donau/012010409B26525933/auto-bierschneider-gmbh.html;No social
Auto Bierschneider GmbH;Dettenheimer Str. 2391781 Weienburg;No phone;Weitere Kontaktdaten, (09141) 99559-0, (09141) 9955999;info@bierschneider.de;https://www.bierschneider.de;https://www.11880.com/branchenbuch/weissenburg-in-bayern/012010409B34996911/auto-bierschneider-gmbh.html;No social
Auto Bierschneider GmbH Bremsendienst;Sulzweg 292360 Mhlhausen, Oberpfalz;No phone;Weitere Kontaktdaten, (09185) 9400-0, (09185) 5253;info@bierschneider.de;https://www.bierschneider.de/standorte/muehlhausen/sulzweg/;https://www.11880.com/branchenbuch/muehlhausen-oberpfalz/012010409B26848988/auto-bierschneider-gmbh-bremsendienst.html;https://facebook.com/auto.bierschneider
Auto Huser GmbH & Co. KG;Gieener Str. 935415 Pohlheim (Watzenborn-Steinberg);No phone;Weitere Kontaktdaten, (06403) 95950, (06403) 959522;marketing@autohaeuser-pohlheim.de;https://www.autohaeuser-pohlheim.de;https://www.11880.com/branchenbuch/pohlheim/012010409B27113278/auto-haeuser-gmbh-co-kg.html;No social
Auto Hemmerle GmbH;Frankfurter Ring 13780807 Mnchen (Milbertshofen-Am Hart);No phone;Weitere Kontaktdaten, (089) 520330-3, (089) 52033050;info@autohemmerle.de;https://autohemmerle.de;https://www.11880.com/branchenbuch/muenchen/012010409B101740965/auto-hemmerle-gmbh.html;No social
Auto Horn GmbH Autohandel;August-Croissant-Str. 176829 Landau;No phone;Weitere Kontaktdaten, (06341) 960237, (06341) 968015;autohorn@gmx.de;https://www.autohorn.de;https://www.11880.com/branchenbuch/landau-in-der-pfalz/012011924B29522056/auto-horn-gmbh-autohandel.html;No social
Auto-Horst KFZ-Reparaturwerkstatt;Neuland 321614 Buxtehude;No phone;Weitere Kontaktdaten, (04161) 2821, (04161) 3367;kundendienst@auto-horst.de;https://www.auto-horst.de;https://www.11880.com/branchenbuch/buxtehude/012010409B27529279/auto-horst-kfz-reparaturwerkstatt.html;No social
Auto Kawelke;Grabenstr. 745479 Mlheim (Broich);No phone;Weitere Kontaktdaten, (0208) 427170, (0208) 428291;info@auto-kawelke.de;https://www.auto-kawelke.de;https://www.11880.com/branchenbuch/muelheim-an-der-ruhr/012082826B27504009/auto-kawelke.html;No social
Auto Verhey KFZ-Meisterbetrieb;Duisburger Str. 1546446 Emmerich;No phone;No phone additionally;info@verhey-pohl.de;http://www.verhey-pohl.de;https://www.11880.com/branchenbuch/emmerich-am-rhein/081852882B101589022/auto-verhey-kfz-meisterbetrieb.html;https://www.facebook.com/Auto.Verhey
Auto Zitzmann GmbH;Fuggerstr. 4490439 Nrnberg (Sndersbhl);No phone;Weitere Kontaktdaten, (0911) 27991-0, (0911) 2877344;info@auto-zitzmann.com;http://autovermietung-zitzmann.com;https://www.11880.com/branchenbuch/nuernberg-mittelfranken/012010409B27689476/auto-zitzmann-gmbh.html;https://facebook.com/autozitzmann
Autocenter Auenstrasse Ismaning GmbH;Auenstr. 185737 Ismaning;No phone;No phone additionally;info@autowelt-schneider.de;https://www.autowelt-schneider.de;https://www.11880.com/branchenbuch/ismaning/012010409B43887861/autocenter-auenstrasse-ismaning-gmbh.html;No social
autoForum Wiegers GmbH;Detmolder Str. 37833605 Bielefeld (Stieghorst);No phone;Weitere Kontaktdaten, (0521) 92226-0, (0521) 9222622;info@wiegers.de;https://wiegers.de;https://www.11880.com/branchenbuch/bielefeld/012010409B26944710/autoforum-wiegers-gmbh.html;https://facebook.com/autoforumwiegersbielefeld
Autohaus Bernds GmbH;Konrad-Adenauer-Ring 2547167 Duisburg (Neumhl);No phone;Weitere Kontaktdaten, (0203) 55584-0, (0203) 544727272;info@ah-bernds.de;http://www.ah-bernds.de;https://www.11880.com/branchenbuch/duisburg/012010409B42989920/autohaus-bernds-gmbh.html;No social
Autohaus Blank GmbH Autohaus;Bschstr. 130989 Gehrden (Ditterke);No phone;No phone additionally;verkauf@autohaus-blank.com;https://autohaus-blank.com;https://www.11880.com/branchenbuch/gehrden-hannover/012010409B101742243/autohaus-blank-gmbh-autohaus.html;No social
Autohaus Braun GmbH Leonberg;Berliner Str. 5371229 Leonberg;No phone;Weitere Kontaktdaten, (07152) 901708-0, (07152) 901708-9;info@fiat-leonberg.de;https://www.autohausbraun-leonberg.de;https://www.11880.com/branchenbuch/leonberg-wuerttemberg/012011924B101742357/autohaus-braun-gmbh-leonberg.html;No social
Autohaus Breit GmbH Autohndler;Kunstfelder Str. 951069 Kln (Dnnwald);No phone;Weitere Kontaktdaten, (0221) 603055, (0221) 608203;info@auto-breit.de;https://auto-breit.de;https://www.11880.com/branchenbuch/koeln/012080446B26535825/autohaus-breit-gmbh-autohaendler.html;No social
Autohaus Brggemann GmbH;Lindenhorster Str. 4344147 Dortmund (Lindenhorst);No phone;Weitere Kontaktdaten, (0231) 84900, (0231) 8490-111;dortmund@autohaus-brueggemann.de;https://www.autohaus-brueggemann.de;https://www.11880.com/branchenbuch/dortmund/012010409B28038873/autohaus-brueggemann-gmbh.html;No social
Autohaus Brggemann GmbH & Co. KG;Rheiner Str. 15548432 Rheine (Mesum);No phone;Weitere Kontaktdaten, (05975) 304-0, (05975) 304163;info@autohaus-brueggemann.de;https://autopark-muensterland.de;https://www.11880.com/branchenbuch/rheine/012010409B27068966/autohaus-brueggemann-gmbh-co-kg.html;No social
Autohaus Brunold GmbH Autohaus;Katharinenstr. 571634 Ludwigsburg (Eglosheim);No phone;Weitere Kontaktdaten, (07141) 3822-0, (07141) 3822-23;ludwigsburg@brunold.de;http://www.brunold.de/ludwigsburg;https://www.11880.com/branchenbuch/ludwigsburg-wuerttemberg/012010409B27517499/autohaus-brunold-gmbh-autohaus.html;No social
Autohaus Di Leonardo GmbH;Brckenstr. 235606 Solms (Burgsolms);No phone;Weitere Kontaktdaten, (06442) 25925-0, (06442) 24316;info@di-leonardo.de;https://www.di-leonardo.de;https://www.11880.com/branchenbuch/solms-lahn/012010409B42137731/autohaus-di-leonardo-gmbh.html;No social
Autohaus Eckernfrde GmbH;Noorstr. 28 - 3224340 Eckernfrde;No phone;Weitere Kontaktdaten, (04351) 71750, (04351) 2131;info@autohaus-eckernfoerde.de;https://autohaus-eckernfoerde.de;https://www.11880.com/branchenbuch/eckernfoerde/012010409B28197372/autohaus-eckernfoerde-gmbh.html;No social
Autohaus Elspass GmbH;Rheinberger Str. 19547445 Moers (Utfort);No phone;Weitere Kontaktdaten, (02841) 88111-0, (02841) 88111299;info@elspass.de;https://www.elspass.de;https://www.11880.com/branchenbuch/moers/012010409B43213279/autohaus-elspass-gmbh.html;No social
Autohaus Gauch GmbH;Zielstr. 268169 Mannheim (Neckarstadt);No phone;Weitere Kontaktdaten, (0621) 30944-0, (0621) 30944-99;gauch@gauch.de;https://www.gauch.de/;https://www.11880.com/branchenbuch/mannheim/012010409B101748195/autohaus-gauch-gmbh.html;No social
Autohaus Gierten GmbH Standort Langenfeld;Schneiderstr. 1640764 Langenfeld (Langenfeld-Hardt);No phone;Weitere Kontaktdaten, (02173) 9063-0, (02173) 9063-33;info@gierten.de;http://gierten.de;https://www.11880.com/branchenbuch/langenfeld-rheinland/012010409B26875531/autohaus-gierten-gmbh-standort-langenfeld.html;No social
Autohaus Heinemann GmbH;Gesellensteig 3738229 Salzgitter (Lebenstedt);No phone;Weitere Kontaktdaten, (05341) 8881-0, (05341) 888130;info@heinemann-gruppe.de;https://www.heinemann-gruppe.de;https://www.11880.com/branchenbuch/salzgitter/012010409B101748895/autohaus-heinemann-gmbh.html;No social
Autohaus Hentschel GmbH;Vahrenwalder Str. 14130165 Hannover (Vahrenwald);No phone;Weitere Kontaktdaten, (0511) 35250, (0511) 3525-150;info@autohaus-hentschel.de;https://autohaus-hentschel.de;https://www.11880.com/branchenbuch/hannover/012010409B111002451/autohaus-hentschel-gmbh.html;https://facebook.com/pages/autohaus-hentschel-hannover/204873562888731
Autohaus Hilgert GmbH;Leibnizstr. 1438228 Salzgitter (Lebenstedt);No phone;Weitere Kontaktdaten, (05341) 8535-0, (05341) 853533;info@autohaus-hilgert.de;https://bmw-service-autohaus-hilgert.de/de/home;https://www.11880.com/branchenbuch/salzgitter/012010409B26960203/autohaus-hilgert-gmbh.html;https://facebook.com/pages/autohaus-hilgert/138990602831938
Autohaus Kamen GmbH W + K Automobile Handelsges. mbH & Co KG;Hemsack 2159174 Kamen;No phone;Weitere Kontaktdaten, (02307) 7718, (02307) 7616;info@autohaus-kamen.eu;http://www.autohaus-kamen.eu/;https://www.11880.com/branchenbuch/kamen-westfalen/012010409B26779735/autohaus-kamen-gmbh-w-k-automobile-handelsges-mbh-co-kg.html;No social
Autohaus Knig GmbH, Verkauf;Oderstr. 5514513 Teltow;No phone;No phone additionally;steffen.hoepcke@renault-koenig.de;https://renault-koenig.de;https://www.11880.com/branchenbuch/teltow/012010409B27462285/autohaus-koenig-gmbh-verkauf.html;No social
Autohaus Langer GmbH & Co. KG BMW-Vertragshndler;Gottmannshofer Str. 2486637 Wertingen (Gottmannshofen);No phone;Weitere Kontaktdaten, (08272) 808-30, (08272) 808-40;info@langer.de;https://www.langer.de;https://www.11880.com/branchenbuch/wertingen/012010409B110816348/autohaus-langer-gmbh-co-kg-bmw-vertragshaendler.html;No social
Autohaus Paschke GmbH;Alte Straburger Str. 877652 Offenburg (Nordweststadt);No phone;Weitere Kontaktdaten, (0781) 91928-0, (0781) 9192855;info@autohaus-paschke.de;http://www.autohaus-paschke.de;https://www.11880.com/branchenbuch/offenburg/012010409B27058817/autohaus-paschke-gmbh.html;https://facebook.com/pages/autohaus-paschke-gmbh/274460369240457
Autohaus Peper GmbH Renault Autohaus;Otto-Schmidt-Str. 604425 Taucha;No phone;Weitere Kontaktdaten, (034298) 30790, (034298) 30075;autohaus-peper@t-online.de;http://autogascenter-peper.de;https://www.11880.com/branchenbuch/taucha-bei-leipzig/012010409B28038720/autohaus-peper-gmbh-renault-autohaus.html;No social
Autohaus Renck-Weindel KG Fil. Mannheim-Neckarau;Meckenheimer Str. 8 - 1268199 Mannheim (Neckarau);No phone;Weitere Kontaktdaten, (0621) 842020, (0621) 8420299;kontakt@renck-weindel.de;https://renck-weindel.de;https://www.11880.com/branchenbuch/mannheim/012010409B27497389/autohaus-renck-weindel-kg-fil-mannheim-neckarau.html;https://facebook.com/pages/autohaus-renck-weindel-in-mannheim-neckarau/128282383921669
Autohaus Rhr GmbH;Leibnizstr. 9814558 Nuthetal (Bergholz-Rehbrcke);No phone;Weitere Kontaktdaten, (033200) 346-0, (033200) 346-27;info@autohaus-roehr.com;https://autohausroehr.com;https://www.11880.com/branchenbuch/nuthetal/012010409B110740761/autohaus-roehr-gmbh.html;No social
Autohaus Thorsten Cordes GmbH;Brackeler Hellweg 4244309 Dortmund (Brackel);No phone;Weitere Kontaktdaten, (0231) 477898-0, (0231) 477898-29;info@auto-cordes.de;https://auto-cordes.de;https://www.11880.com/branchenbuch/dortmund/012013892B105884471/autohaus-thorsten-cordes-gmbh.html;No social
Autohaus Vorndran GmbH;Saalestr. 1297616 Bad Neustadt;No phone;Weitere Kontaktdaten, (09771) 68878-0, (09771) 68878-28;verkauf@vorndran.com;https://vorndran.com;https://www.11880.com/branchenbuch/bad-neustadt-an-der-saale/012010409B101740301/autohaus-vorndran-gmbh.html;No social
Autohouse Streit & Service GmbH;Wattstr. 876185 Karlsruhe (Nordweststadt);No phone;Weitere Kontaktdaten, (0721) 79006-0, (0721) 79006-99;m.wrubel@streit-autohaus.de;http://streit-autohaus.de/;https://www.11880.com/branchenbuch/karlsruhe-baden/012010409B44339160/autohouse-streit-service-gmbh.html;No social
Automeister Christoph Kohnen;Mhlenstr. 5347918 Tnisvorst (St. Tnis);No phone;Weitere Kontaktdaten, (02151) 366500-0, (02151) 366500-29;info@automeister-kohnen.de;https://www.automeister-kohnen.de;https://www.11880.com/branchenbuch/toenisvorst/012080446B53126343/automeister-christoph-kohnen.html;https://facebook.com/pages/automeister-christoph-kohnen/165073290181472
Automobile Darmas GmbH;Walterstr. 2 - 445739 Oer-Erkenschwick (Rapen);No phone;Weitere Kontaktdaten, (02368) 699381-0, (02368) 699381-15;info@darmas-dat.hyundaimail.de;https://www.darmas.de;https://www.11880.com/branchenbuch/oer-erkenschwick/012010409B102350393/automobile-darmas-gmbh.html;https://facebook.com/pages/automobile-darmas-gmbh-oer-erkenschwick/595496353845581
Autosalon am Park GmbH;Krefelder Str. 24041066 Mnchengladbach (Neuwerk);No phone;Weitere Kontaktdaten, (02161) 65900-0, (02161) 65900-32;info@asap-cars.de;http://chrysler-cars.de;https://www.11880.com/branchenbuch/moenchengladbach/012010409B26766253/autosalon-am-park-gmbh.html;No social
Autoservice D`ANTONIO;Hauptstr. 3279771 Klettgau (Erzingen);No phone;Weitere Kontaktdaten, (07742) 9169552, (07742) 9169551;info@autoservice-dantonio.de;https://www.autoservice-dantonio.de;https://www.11880.com/branchenbuch/klettgau/012034219B107335489/autoservice-d-antonio.html;https://www.facebook.com/autoservicedantonio/
Autozentrum P&A GmbH;Hherweg 141 - 15140233 Dsseldorf (Flingern Sd);No phone;Weitere Kontaktdaten, (0211) 73773278;info@preckel.de;http://www.ahage.de;https://www.11880.com/branchenbuch/duesseldorf/012010409B43235551/autozentrum-p-a-gmbh.html;https://facebook.com/pages/autozentrum-pa-gmbh/206343122721936
Bollmann GmbH Autohaus;Schwanheimer Str. 13964625 Bensheim;No phone;Weitere Kontaktdaten, (06251) 64509, (06251) 68313;info@autohaus-bollmann.de;http://autohaus-bollmann.de;https://www.11880.com/branchenbuch/bensheim/012010409B50032874/bollmann-gmbh-autohaus.html;https://facebook.com/autohausbollmann
Burkhard Klappert Reifendienst;Wittgensteiner Str. 12157271 Hilchenbach (Dahlbruch);No phone;No phone additionally;b.klappert@t-online.de;https://www.reifendienst-klappert.de;https://www.11880.com/branchenbuch/hilchenbach-siegerland/012084338B26644183/burkhard-klappert-reifendienst.html;No social
Camping-Centrum Berenbostel Wohnwagen-Schmidt, Inh. Jrgen Schmidt;Berenbosteler Str. 4 A30827 Garbsen (Berenbostel);No phone;Weitere Kontaktdaten, (05131) 93192, (0172) 5113268;info@campinfo.de;https://campinfo.de;https://www.11880.com/branchenbuch/garbsen/181610980B29063729/camping-centrum-berenbostel-wohnwagen-schmidt-inh-juergen-schmidt.html;No social
CENTRAL THEME GmbH;Mainzer Str. 9665189 Wiesbaden;No phone;No phone additionally;wiesbaden@central-theme.com;https://www.central-theme.com;https://www.11880.com/branchenbuch/wiesbaden/012080446B102405601/central-theme-gmbh.html;No social
Claas Wehner Autohaus GmbH;Friedrich-Ebert-Damm 11422047 Hamburg (Tonndorf);No phone;Weitere Kontaktdaten, (040) 644130-0, (040) 644130-55;info@autohaus-wehner.de;https://www.autohaus-wehner.de;https://www.11880.com/branchenbuch/hamburg/012010409B43224551/claas-wehner-autohaus-gmbh.html;No social
Claas Wehner Autohaus GmbH;Volksparkstr. 3822525 Hamburg (Stellingen);No phone;No phone additionally;info@autohaus-wehner.de;https://www.autohaus-wehner.de;https://www.11880.com/branchenbuch/hamburg/012010409B52691103/claas-wehner-autohaus-gmbh.html;No social
D-Edition;Sailweg 795339 Neuenmarkt (Hegnabrunn);No phone;No phone additionally;info@d-edition.de;https://www.d-edition.de;https://www.11880.com/branchenbuch/neuenmarkt/012080446B112078329/d-edition.html;https://facebook.com/d.edition.modellbauwelt
Daumann GmbH Reifenservice;Industriestr. 876855 Annweiler;No phone;Weitere Kontaktdaten, (06346) 9641-0, (06346) 8850;info@reifen-daussmann.de;https://www.daussmann.de;https://www.11880.com/branchenbuch/annweiler-am-trifels/012084338B26177550/daussmann-gmbh-reifenservice.html;No social
Ehrhardt Reifen + Autoservice GmbH & Co. KG;Otto-Hahn-Str. 929664 Walsrode;(05161) 48770-0;Weitere Kontaktdaten, (05161) 48770-0, (05161) 4877028;walsrode@reifen-ehrhardt.de;https://www.reifen-ehrhardt.de;https://www.11880.com/branchenbuch/walsrode/012084338B71436583/ehrhardt-reifen-autoservice-gmbh-co-kg.html;No social
GibgasPawel;Bodenseestr. 22281243 Mnchen (Pasing-Obermenzing);No phone;Weitere Kontaktdaten, (089) 41612234, (0176) 22918048;info@autogasmuenchen.com;http://www.autogasmuenchen.com;https://www.11880.com/branchenbuch/muenchen/012080446B111264133/gibgaspawel.html;No social
Greencar Inh. Ortlieb Mirco;Bessemerstr. 1612103 Berlin (Schneberg);No phone;Weitere Kontaktdaten, (030) 41722080, (030) 4172208-1;info@greencarberlin.de;https://www.dieselpartikelfilter.net;https://www.11880.com/branchenbuch/berlin/250400057B54289866/greencar-inh-ortlieb-mirco.html;No social
Husler Automobil GmbH & Co. KG Automobilhndler;Maisacher Str. 12782256 Frstenfeldbruck;No phone;Weitere Kontaktdaten, (08141) 4006-0, (08141) 4006-80;manuel.ebert@haeusler.de;http://haeusler.de;https://www.11880.com/branchenbuch/fuerstenfeldbruck/012010409B26628989/haeusler-automobil-gmbh-co-kg-automobilhaendler.html;No social
Hirsch Fahrzeugtechnik;Grootkoppel 123858 Reinfeld;No phone;No phone additionally;info@hirschgas.de;https://www.hirschgas.de;https://www.11880.com/branchenbuch/reinfeld-holstein/012080446B42004430/hirsch-fahrzeugtechnik.html;No social
Hyundai Autohaus Blecker Autohaus;Braunschweiger Str. 15138518 Gifhorn;No phone;Weitere Kontaktdaten, (05371) 94290-0, (05371) 14217;verkauf@autohaus-blecker.de;https://www.autohausblecker.de;https://www.11880.com/branchenbuch/gifhorn/012010409B101742245/hyundai-autohaus-blecker-autohaus.html;No social
Jrgen Heinze;Werderscher Weg 114913 Jterbog;No phone;Weitere Kontaktdaten, (03372) 432729, (03372) 401793;reifenheinze@arcor.de;https://www.reifen-heinze.de;https://www.11880.com/branchenbuch/jueterbog/012084338B50850141/juergen-heinze.html;No social
Kibele GmbH;Benzstr. 688074 Meckenbeuren;No phone;No phone additionally;info@kibele.de;https://www.autoverwertung-kibele.de;https://www.11880.com/branchenbuch/meckenbeuren/012080463B42133329/kibele-gmbh.html;No social
Klaus Schneider KFZ-Meisterbetrieb;Am Wolfsgestell 856477 Rennerod;No phone;No phone additionally;klausschneider_kfz@freenet.de;https://www.autoservice.com/autowerkstatt/details/wid/360575.aspx;https://www.11880.com/branchenbuch/rennerod-westerwald/012080446B2428773/klaus-schneider-kfz-meisterbetrieb.html;No social
Kleinmann Automobile GmbH;Stuttgarter Str. 4475179 Pforzheim (Wilferdinger Hhe);No phone;Weitere Kontaktdaten, (07231) 13939-0, (07231) 1393939;kleinmann-automobile@t-online.de;https://mitsubishi.auto-kleinmann.de;https://www.11880.com/branchenbuch/pforzheim/012010409B27878161/kleinmann-automobile-gmbh.html;https://facebook.com/kleinmannautomobile
Kroppen Automobile GmbH;Westerholter Str. 78245701 Herten (Stadtmitte);No phone;Weitere Kontaktdaten, (02366) 99990, (0172) 3518780, (02366) 999955;info@kroppen.de;https://www.automobile-kroppen.de/haendler;https://www.11880.com/branchenbuch/herten-westfalen/012080446B101746905/kroppen-automobile-gmbh.html;https://facebook.com/firmaautomobile.kroppengmbh
Lackiererei Mnchen - Garching | Werner Walleshauser Autolackiererei;Zeppelinstr. 19 a85748 Garching (Hochbrck);(089) 3292490;Weitere Kontaktdaten, (089) 3292490, (089) 32626209;walleshauser@wgo.de;https://www.wgo.de;https://www.11880.com/branchenbuch/garching-bei-muenchen/060693296B54009877/lackiererei-muenchen-garching-werner-walleshauser-autolackiererei.html;No social
Moll Automobile GmbH & Co. KG;Neuenhofstr. 7752078 Aachen;No phone;Weitere Kontaktdaten, (0241) 900717-0, (0241) 900717-17;info@moll-automobile.de;https://www.moll-automobile.de;https://www.11880.com/branchenbuch/aachen/012010409B101749715/moll-automobile-gmbh-co-kg.html;No social
Point S andersch Reifen, Rder Auto-Service GmbH;Marienthaler Str. 524340 Eckernfrde;No phone;Weitere Kontaktdaten, (04351) 4046, (04351) 4071;marienthalerstr@point-s-andersch.de;https://www.reifen-andersch.de;https://www.11880.com/branchenbuch/eckernfoerde/012084338B26704784/point-s-andersch-reifen-raeder-auto-service-gmbh.html;No social
point-S Reifen Presche Bert Presche;Stavenhagener Str. 117139 Malchin;No phone;Weitere Kontaktdaten, (03994) 633667, (03994) 632759;presche-malchin@t-online.de;https://www.point-s-presche.de;https://www.11880.com/branchenbuch/malchin/012084338B4720501/point-s-reifen-presche-bert-presche.html;No social
points Reifen Sellmayr CM Autoservice GmbH Reifenfachbetrieb;Bttgerstr. 395615 Marktredwitz;No phone;Weitere Kontaktdaten, (09231) 8799250, (09231) 8799251;marktredwitz@sellmayr.de;https://www.sellmayr.de;https://www.11880.com/branchenbuch/marktredwitz/012084338B71554165/points-reifen-sellmayr-cm-autoservice-gmbh-reifenfachbetrieb.html;https://facebook.com/pages/cm-autoservice-gmbh-point-s/320571238116104
Pracht Reifen + Autotechnik;Hundemaue 757368 Lennestadt (Altenhundem);No phone;No phone additionally;info@reifen-pracht.de;https://www.point-s.de;https://www.11880.com/branchenbuch/lennestadt/012084338B26777965/pracht-reifen-autotechnik.html;No social
Premio Reifen + Autoservice Secura Reifenservice GmbH;Herforder Str. 21733609 Bielefeld (Innenstadt);No phone;Weitere Kontaktdaten, (0521) 38048, (0521) 324185;bielefeld@premio-secura.de;https://www.premio-secura.de;https://www.11880.com/branchenbuch/bielefeld/012084338B42042576/premio-reifen-autoservice-secura-reifenservice-gmbh.html;https://facebook.com/pages/premio-secura-reifenservice-gmbh/1576454625950252
Reifen + Autoservice Ralf Schuhmacher GmbH Reifenservice;Walter-Schellenberg-Str. 378315 Radolfzell;No phone;Weitere Kontaktdaten, (07732) 2006, (07732) 56307;info@schuhmacher-tuning.de;https://www.schuhmacher-tuning.de;https://www.11880.com/branchenbuch/radolfzell-am-bodensee/012084338B27677430/reifen-autoservice-ralf-schuhmacher-gmbh-reifenservice.html;No social
Reifen Christ GmbH;Herseler Str. 3350389 Wesseling (Urfeld);No phone;Weitere Kontaktdaten, (02236) 44414, (02236) 44474;mail@reifen-christ.de;http://reifen-christ.de;https://www.11880.com/branchenbuch/wesseling-rheinland/012084338B27240512/reifen-christ-gmbh.html;https://facebook.com/pages/reifen-christ-gmbh/253222788040094
Reifen Stelzl GmbH Autoservice;Karl-Benz-Str. 585221 Dachau;No phone;Weitere Kontaktdaten, (08131) 1751, (08131) 26953;info@reifen-stelzl.de;https://reifen-stelzl.de;https://www.11880.com/branchenbuch/dachau/012084338B27749435/reifen-stelzl-gmbh-autoservice.html;No social
Reifendienst Willrich GmbH;Schnbrunn 13707929 Saalburg-Ebersdorf (Schnbrunn);No phone;Weitere Kontaktdaten, (036651) 87091, (036651) 55145;info@53quer.de;http://www.willrich-reifen.de;https://www.11880.com/branchenbuch/saalburg-ebersdorf/012084338B49676706/reifendienst-willrich-gmbh.html;No social
Rummel Autohaus;Pforzheimer Str. 11276275 Ettlingen;No phone;Weitere Kontaktdaten, (07243) 50541-0, (07243) 5054124;info@auto-rummel.de;https://auto-rummel.de;https://www.11880.com/branchenbuch/ettlingen/012010409B101750626/rummel-autohaus.html;No social
Saggio GmbH Autohaus;Sprendlinger Landstr. 21063069 Offenbach;No phone;Weitere Kontaktdaten, (069) 98401-0, (069) 98401-401;offenbach@saggio.de;http://www.saggio.de;https://www.11880.com/branchenbuch/offenbach-am-main/012010409B26585366/saggio-gmbh-autohaus.html;No social
Schaller Autohaus GmbH Reparaturwerkstatt;Graf-Zeppelin-Str. 186899 Landsberg;No phone;Weitere Kontaktdaten, (08191) 2424, (08191) 50968;info@nissan-center.de;https://www.autohaus-schaller.de;https://www.11880.com/branchenbuch/landsberg-am-lech/012010409B26887426/schaller-autohaus-gmbh-reparaturwerkstatt.html;https://facebook.com/autohausschaller
