Название;Старая цена;Новая цена;Артикул;Ширина;Глибина;Глибина;Ціновий діапазон;Можливість індивідуального замовлення;Гарантія;Матеріал корпуса;Матеріал фасада;Упаковка;Наявність;Описание"Кухня ""Фарбований високий глянець"" KX-6725";від 8 962 грн/м.пог.;від 7 349 грн/м.пог.;KX-6725;2140 мм;4050 мм;3050 мм;Низький;Є;12 міс.;ЛДСП;ДСП;Розібрано в пачках;В наявності;"шир.4050 мм; вис.2140 мм; гл. 3050 мм;
Елементи модульної кухні можна виготовити нестандартної ширини з інтервалом 1см.
При замовленні елемента нестандартного розміру, вартість збільшується на 50% від наступного стандартного розміру.

Матеріал корпусу - ЛДСП.
Матеріал фасаду - фарбований з ДСП, покритий высокоглянцевым УФ лаком і обклеєна кромкою ПВХ.
Базова комплектація - фурнітура, ручки пластикові, навіс звичайний, силіконові амортизатори, газові підйомники.

У програмі 3Д розстановки меблів Ви можете:
Створити безкоштовний 3Д проект кухні
Підібрати і візуалізувати по секціях і модулям свою індивідуальну кухню;
Підібрати колір корпусу і фасаду до Вашого інтер'єру;
Роздрукувати зовнішній вигляд, специфікацію секцій і побачити ціну кухні.

Для безкоштовного 3D проекту заповніть форму
Менеджер зв'яжеться з вами найближчим часом для уточнення деталей проекту
Ім'я
Телефон
Місто
Натискаючи на кнопку, я надаю згоду на обробку персональних даних. *
Відправити

Умови поставки
Доставка від фабрики.
Доставка здійснюється до під'їзду. Вартість доставки безкоштовно (г.Киев,Киевская область,г.Чернигов,Черниговская область)
- Киев, Барышевка, Белая Церковь, Борисполь, Бородянка, Бровары, Васильков, Володарка, Вышгород, Обухов, Переяслав-Хмельницкий, Фастов, Иванков, Кагарлык, Макаров, Згуровка, Богуслав, Мироновка, Красятичи, Ракитное, Сквыра, Ставыще, Тараща, Тетиев, Яготин
Заказ на сумму меньше 3000грн, стоимость доставки - 300грн.
Нова Пошта
Доставка компанією ""Нова пошта"" здійснюється після 30% передоплати. Вартість буде розрахована згідно з тарифами ""Нової Пошти"".
Самовивіз
Самовивіз товару зі складу за адресою: м. Біла Церква, вул. Небесної Сотні 24
Замовити замір
Вартість виміру приміщення 200 грн. Оплата за замір приміщення платить клієнт і у вартість замовлення не входить.
Відвідайте фірмовий магазин
адреса: м. Київ, ул. Біломорська 2, ТЦ ""Ваш Дом"" 1-й поверх.

Кредит/розстрочка.
Переваги сервісу ""Оплата частинами""!
Термін кредиту до 36 місяців;
Рішення банку про надання кредиту займає 10-15 хвилин;
Можливість придбати будь-який товар не виходячи з дому;
Зручне погашення кредиту в терміналах і відділеннях Банку по всій Україні.
Більше ніяких сканів документів!
Швидкий, зручний спосіб оформлення, відсутність початкового внеску.
Вимоги
Необхідні документи-паспорт громадянина України та ІПН;
Вік від 21 Про 70 років.;
умови кредитування:< / b>
Валюта кредитування-UAH
Термін кредитування - від 8 до 36 місяців
Щомісячна комісія-0% перші 5 місяців, з шостого місяця 3,5% (можливе дострокове погашення).
Сума кредиту — від 1000 до 50 000 грн
Початковий внесок-0%
Дострокове погашення кредиту без комісій""Кухня ""Фарбований високий глянець"" KX-6726";від 8 962 грн/м.пог.;від 7 349 грн/м.пог.;KX-6726;2140 мм;3400 мм;600 мм;Низький;Є;12 міс.;ЛДСП;ДСП;Розібрано в пачках;В наявності;"шир.3400 мм; вис.2140 мм; гл. 600 мм;
Елементи модульної кухні можна виготовити нестандартної ширини з інтервалом 1см.
При замовленні елемента нестандартного розміру, вартість збільшується на 50% від наступного стандартного розміру.

Матеріал корпусу - ЛДСП.
Матеріал фасаду - фарбований з ДСП, покритий высокоглянцевым УФ лаком і обклеєна кромкою ПВХ.
Базова комплектація - фурнітура, ручки пластикові, навіс звичайний, силіконові амортизатори, газові підйомники.

У програмі 3Д розстановки меблів Ви можете:
Створити безкоштовний 3Д проект кухні
Підібрати і візуалізувати по секціях і модулям свою індивідуальну кухню;
Підібрати колір корпусу і фасаду до Вашого інтер'єру;
Роздрукувати зовнішній вигляд, специфікацію секцій і побачити ціну кухні.

Для безкоштовного 3D проекту заповніть форму
Менеджер зв'яжеться з вами найближчим часом для уточнення деталей проекту
Ім'я
Телефон
Місто
Натискаючи на кнопку, я надаю згоду на обробку персональних даних. *
Відправити

Умови поставки
Доставка від фабрики.
Доставка здійснюється до під'їзду. Вартість доставки безкоштовно (г.Киев,Киевская область,г.Чернигов,Черниговская область)
- Киев, Барышевка, Белая Церковь, Борисполь, Бородянка, Бровары, Васильков, Володарка, Вышгород, Обухов, Переяслав-Хмельницкий, Фастов, Иванков, Кагарлык, Макаров, Згуровка, Богуслав, Мироновка, Красятичи, Ракитное, Сквыра, Ставыще, Тараща, Тетиев, Яготин
Заказ на сумму меньше 3000грн, стоимость доставки - 300грн.
Нова Пошта
Доставка компанією ""Нова пошта"" здійснюється після 30% передоплати. Вартість буде розрахована згідно з тарифами ""Нової Пошти"".
Самовивіз
Самовивіз товару зі складу за адресою: м. Біла Церква, вул. Небесної Сотні 24
Замовити замір
Вартість виміру приміщення 200 грн. Оплата за замір приміщення платить клієнт і у вартість замовлення не входить.
Відвідайте фірмовий магазин
адреса: м. Київ, ул. Біломорська 2, ТЦ ""Ваш Дом"" 1-й поверх.

Кредит/розстрочка.
Переваги сервісу ""Оплата частинами""!
Термін кредиту до 36 місяців;
Рішення банку про надання кредиту займає 10-15 хвилин;
Можливість придбати будь-який товар не виходячи з дому;
Зручне погашення кредиту в терміналах і відділеннях Банку по всій Україні.
Більше ніяких сканів документів!
Швидкий, зручний спосіб оформлення, відсутність початкового внеску.
Вимоги
Необхідні документи-паспорт громадянина України та ІПН;
Вік від 21 Про 70 років.;
умови кредитування:< / b>
Валюта кредитування-UAH
Термін кредитування - від 8 до 36 місяців
Щомісячна комісія-0% перші 5 місяців, з шостого місяця 3,5% (можливе дострокове погашення).
Сума кредиту — від 1000 до 50 000 грн
Початковий внесок-0%
Дострокове погашення кредиту без комісій""Кухня ""Фарбований високий глянець"" KX-6727";від 8 962 грн/м.пог.;від 7 349 грн/м.пог.;KX-6727;2140 мм;3350мм;3100 мм;Низький;Є;12 міс.;ЛДСП;ДСП;Розібрано в пачках;В наявності;"шир.3350 мм; вис.2140 мм; гл. 3100 мм;
Елементи модульної кухні можна виготовити нестандартної ширини з інтервалом 1см.
При замовленні елемента нестандартного розміру, вартість збільшується на 50% від наступного стандартного розміру.

Матеріал корпусу - ЛДСП.
Матеріал фасаду - фарбований з ДСП, покритий высокоглянцевым УФ лаком і обклеєна кромкою ПВХ.
Базова комплектація - фурнітура, ручки пластикові, навіс звичайний, силіконові амортизатори, газові підйомники.

У програмі 3Д розстановки меблів Ви можете:
Створити безкоштовний 3Д проект кухні
Підібрати і візуалізувати по секціях і модулям свою індивідуальну кухню;
Підібрати колір корпусу і фасаду до Вашого інтер'єру;
Роздрукувати зовнішній вигляд, специфікацію секцій і побачити ціну кухні.

Для безкоштовного 3D проекту заповніть форму
Менеджер зв'яжеться з вами найближчим часом для уточнення деталей проекту
Ім'я
Телефон
Місто
Натискаючи на кнопку, я надаю згоду на обробку персональних даних. *
Відправити

Умови поставки
Доставка від фабрики.
Доставка здійснюється до під'їзду. Вартість доставки безкоштовно (г.Киев,Киевская область,г.Чернигов,Черниговская область)
- Киев, Барышевка, Белая Церковь, Борисполь, Бородянка, Бровары, Васильков, Володарка, Вышгород, Обухов, Переяслав-Хмельницкий, Фастов, Иванков, Кагарлык, Макаров, Згуровка, Богуслав, Мироновка, Красятичи, Ракитное, Сквыра, Ставыще, Тараща, Тетиев, Яготин
Заказ на сумму меньше 3000грн, стоимость доставки - 300грн.
Нова Пошта
Доставка компанією ""Нова пошта"" здійснюється після 30% передоплати. Вартість буде розрахована згідно з тарифами ""Нової Пошти"".
Самовивіз
Самовивіз товару зі складу за адресою: м. Біла Церква, вул. Небесної Сотні 24
Замовити замір
Вартість виміру приміщення 200 грн. Оплата за замір приміщення платить клієнт і у вартість замовлення не входить.
Відвідайте фірмовий магазин
адреса: м. Київ, ул. Біломорська 2, ТЦ ""Ваш Дом"" 1-й поверх.

Кредит/розстрочка.
Переваги сервісу ""Оплата частинами""!
Термін кредиту до 36 місяців;
Рішення банку про надання кредиту займає 10-15 хвилин;
Можливість придбати будь-який товар не виходячи з дому;
Зручне погашення кредиту в терміналах і відділеннях Банку по всій Україні.
Більше ніяких сканів документів!
Швидкий, зручний спосіб оформлення, відсутність початкового внеску.
Вимоги
Необхідні документи-паспорт громадянина України та ІПН;
Вік від 21 Про 70 років.;
умови кредитування:< / b>
Валюта кредитування-UAH
Термін кредитування - від 8 до 36 місяців
Щомісячна комісія-0% перші 5 місяців, з шостого місяця 3,5% (можливе дострокове погашення).
Сума кредиту — від 1000 до 50 000 грн
Початковий внесок-0%
Дострокове погашення кредиту без комісій""Кухня ""Фарбований високий глянець"" KX-6728";від 8 962 грн/м.пог.;від 7 349 грн/м.пог.;KX-6728;3600 мм;600 мм;Низький;Є;12 міс.;ЛДСП;ДСП;Розібрано в пачках;В наявності;Готівковий/Безготівковий;"шир.3600 мм; гл. 600 мм;
Елементи модульної кухні можна виготовити нестандартної ширини з інтервалом 1см.
При замовленні елемента нестандартного розміру, вартість збільшується на 50% від наступного стандартного розміру.

Матеріал корпусу - ЛДСП.
Матеріал фасаду - фарбований з ДСП, покритий высокоглянцевым УФ лаком і обклеєна кромкою ПВХ.
Базова комплектація - фурнітура, ручки пластикові, навіс звичайний, силіконові амортизатори, газові підйомники.

У програмі 3Д розстановки меблів Ви можете:
Створити безкоштовний 3Д проект кухні
Підібрати і візуалізувати по секціях і модулям свою індивідуальну кухню;
Підібрати колір корпусу і фасаду до Вашого інтер'єру;
Роздрукувати зовнішній вигляд, специфікацію секцій і побачити ціну кухні.

Для безкоштовного 3D проекту заповніть форму
Менеджер зв'яжеться з вами найближчим часом для уточнення деталей проекту
Ім'я
Телефон
Місто
Натискаючи на кнопку, я надаю згоду на обробку персональних даних. *
Відправити

Умови поставки
Доставка від фабрики.
Доставка здійснюється до під'їзду. Вартість доставки безкоштовно (г.Киев,Киевская область,г.Чернигов,Черниговская область)
- Киев, Барышевка, Белая Церковь, Борисполь, Бородянка, Бровары, Васильков, Володарка, Вышгород, Обухов, Переяслав-Хмельницкий, Фастов, Иванков, Кагарлык, Макаров, Згуровка, Богуслав, Мироновка, Красятичи, Ракитное, Сквыра, Ставыще, Тараща, Тетиев, Яготин
Заказ на сумму меньше 3000грн, стоимость доставки - 300грн.
Нова Пошта
Доставка компанією ""Нова пошта"" здійснюється після 30% передоплати. Вартість буде розрахована згідно з тарифами ""Нової Пошти"".
Самовивіз
Самовивіз товару зі складу за адресою: м. Біла Церква, вул. Небесної Сотні 24
Замовити замір
Вартість виміру приміщення 200 грн. Оплата за замір приміщення платить клієнт і у вартість замовлення не входить.
Відвідайте фірмовий магазин
адреса: м. Київ, ул. Біломорська 2, ТЦ ""Ваш Дом"" 1-й поверх.

Кредит/розстрочка.
Переваги сервісу ""Оплата частинами""!
Термін кредиту до 36 місяців;
Рішення банку про надання кредиту займає 10-15 хвилин;
Можливість придбати будь-який товар не виходячи з дому;
Зручне погашення кредиту в терміналах і відділеннях Банку по всій Україні.
Більше ніяких сканів документів!
Швидкий, зручний спосіб оформлення, відсутність початкового внеску.
Вимоги
Необхідні документи-паспорт громадянина України та ІПН;
Вік від 21 Про 70 років.;
умови кредитування:< / b>
Валюта кредитування-UAH
Термін кредитування - від 8 до 36 місяців
Щомісячна комісія-0% перші 5 місяців, з шостого місяця 3,5% (можливе дострокове погашення).
Сума кредиту — від 1000 до 50 000 грн
Початковий внесок-0%
Дострокове погашення кредиту без комісій""Кухня ""Фарбований високий глянець"" KX-6729";від 8 962 грн/м.пог.;від 7 349 грн/м.пог.;KX-6729;2140 мм;2600 мм;3000 мм;Низький;Є;12 міс.;ЛДСП;ДСП;Розібрано в пачках;В наявності;"шир.2600 мм; вис.2140 мм; гл. 3000 мм;
Елементи модульної кухні можна виготовити нестандартної ширини з інтервалом 1см.
При замовленні елемента нестандартного розміру, вартість збільшується на 50% від наступного стандартного розміру.

Матеріал корпусу - ЛДСП.
Матеріал фасаду - фарбований з ДСП, покритий высокоглянцевым УФ лаком і обклеєна кромкою ПВХ.
Базова комплектація - фурнітура, ручки пластикові, навіс звичайний, силіконові амортизатори, газові підйомники.

У програмі 3Д розстановки меблів Ви можете:
Створити безкоштовний 3Д проект кухні
Підібрати і візуалізувати по секціях і модулям свою індивідуальну кухню;
Підібрати колір корпусу і фасаду до Вашого інтер'єру;
Роздрукувати зовнішній вигляд, специфікацію секцій і побачити ціну кухні.

Для безкоштовного 3D проекту заповніть форму
Менеджер зв'яжеться з вами найближчим часом для уточнення деталей проекту
Ім'я
Телефон
Місто
Натискаючи на кнопку, я надаю згоду на обробку персональних даних. *
Відправити

Умови поставки
Доставка від фабрики.
Доставка здійснюється до під'їзду. Вартість доставки безкоштовно (г.Киев,Киевская область,г.Чернигов,Черниговская область)
- Киев, Барышевка, Белая Церковь, Борисполь, Бородянка, Бровары, Васильков, Володарка, Вышгород, Обухов, Переяслав-Хмельницкий, Фастов, Иванков, Кагарлык, Макаров, Згуровка, Богуслав, Мироновка, Красятичи, Ракитное, Сквыра, Ставыще, Тараща, Тетиев, Яготин
Заказ на сумму меньше 3000грн, стоимость доставки - 300грн.
Нова Пошта
Доставка компанією ""Нова пошта"" здійснюється після 30% передоплати. Вартість буде розрахована згідно з тарифами ""Нової Пошти"".
Самовивіз
Самовивіз товару зі складу за адресою: м. Біла Церква, вул. Небесної Сотні 24
Замовити замір
Вартість виміру приміщення 200 грн. Оплата за замір приміщення платить клієнт і у вартість замовлення не входить.
Відвідайте фірмовий магазин
адреса: м. Київ, ул. Біломорська 2, ТЦ ""Ваш Дом"" 1-й поверх.

Кредит/розстрочка.
Переваги сервісу ""Оплата частинами""!
Термін кредиту до 36 місяців;
Рішення банку про надання кредиту займає 10-15 хвилин;
Можливість придбати будь-який товар не виходячи з дому;
Зручне погашення кредиту в терміналах і відділеннях Банку по всій Україні.
Більше ніяких сканів документів!
Швидкий, зручний спосіб оформлення, відсутність початкового внеску.
Вимоги
Необхідні документи-паспорт громадянина України та ІПН;
Вік від 21 Про 70 років.;
умови кредитування:< / b>
Валюта кредитування-UAH
Термін кредитування - від 8 до 36 місяців
Щомісячна комісія-0% перші 5 місяців, з шостого місяця 3,5% (можливе дострокове погашення).
Сума кредиту — від 1000 до 50 000 грн
Початковий внесок-0%
Дострокове погашення кредиту без комісій""Кухня ""Фарбований високий глянець"" KX-6730";від 8 962 грн/м.пог.;від 7 349 грн/м.пог.;KX-6730;3200 мм;600 мм;Низький;Є;12 міс.;ЛДСП;ДСП;Розібрано в пачках;В наявності;Готівковий/Безготівковий;"шир.3200 мм; гл. 600 мм;
Елементи модульної кухні можна виготовити нестандартної ширини з інтервалом 1см.
При замовленні елемента нестандартного розміру, вартість збільшується на 50% від наступного стандартного розміру.

Матеріал корпусу - ЛДСП.
Матеріал фасаду - фарбований з ДСП, покритий высокоглянцевым УФ лаком і обклеєна кромкою ПВХ.
Базова комплектація - фурнітура, ручки пластикові, навіс звичайний, силіконові амортизатори, газові підйомники.

У програмі 3Д розстановки меблів Ви можете:
Створити безкоштовний 3Д проект кухні
Підібрати і візуалізувати по секціях і модулям свою індивідуальну кухню;
Підібрати колір корпусу і фасаду до Вашого інтер'єру;
Роздрукувати зовнішній вигляд, специфікацію секцій і побачити ціну кухні.

Для безкоштовного 3D проекту заповніть форму
Менеджер зв'яжеться з вами найближчим часом для уточнення деталей проекту
Ім'я
Телефон
Місто
Натискаючи на кнопку, я надаю згоду на обробку персональних даних. *
Відправити

Умови поставки
Доставка від фабрики.
Доставка здійснюється до під'їзду. Вартість доставки безкоштовно (г.Киев,Киевская область,г.Чернигов,Черниговская область)
- Киев, Барышевка, Белая Церковь, Борисполь, Бородянка, Бровары, Васильков, Володарка, Вышгород, Обухов, Переяслав-Хмельницкий, Фастов, Иванков, Кагарлык, Макаров, Згуровка, Богуслав, Мироновка, Красятичи, Ракитное, Сквыра, Ставыще, Тараща, Тетиев, Яготин
Заказ на сумму меньше 3000грн, стоимость доставки - 300грн.
Нова Пошта
Доставка компанією ""Нова пошта"" здійснюється після 30% передоплати. Вартість буде розрахована згідно з тарифами ""Нової Пошти"".
Самовивіз
Самовивіз товару зі складу за адресою: м. Біла Церква, вул. Небесної Сотні 24
Замовити замір
Вартість виміру приміщення 200 грн. Оплата за замір приміщення платить клієнт і у вартість замовлення не входить.
Відвідайте фірмовий магазин
адреса: м. Київ, ул. Біломорська 2, ТЦ ""Ваш Дом"" 1-й поверх.

Кредит/розстрочка.
Переваги сервісу ""Оплата частинами""!
Термін кредиту до 36 місяців;
Рішення банку про надання кредиту займає 10-15 хвилин;
Можливість придбати будь-який товар не виходячи з дому;
Зручне погашення кредиту в терміналах і відділеннях Банку по всій Україні.
Більше ніяких сканів документів!
Швидкий, зручний спосіб оформлення, відсутність початкового внеску.
Вимоги
Необхідні документи-паспорт громадянина України та ІПН;
Вік від 21 Про 70 років.;
умови кредитування:< / b>
Валюта кредитування-UAH
Термін кредитування - від 8 до 36 місяців
Щомісячна комісія-0% перші 5 місяців, з шостого місяця 3,5% (можливе дострокове погашення).
Сума кредиту — від 1000 до 50 000 грн
Початковий внесок-0%
Дострокове погашення кредиту без комісій""Кухня ""Фарбований високий глянець"" KX-6731";від 8 962 грн/м.пог.;від 7 349 грн/м.пог.;KX-6731;2140 мм;3400 мм;600 мм;Низький;Є;12 міс.;ЛДСП;ДСП;Розібрано в пачках;В наявності;"шир.3400 мм; вис.2140 мм; гл. 600 мм;
Елементи модульної кухні можна виготовити нестандартної ширини з інтервалом 1см.
При замовленні елемента нестандартного розміру, вартість збільшується на 50% від наступного стандартного розміру.

Матеріал корпусу - ЛДСП.
Матеріал фасаду - фарбований з ДСП, покритий высокоглянцевым УФ лаком і обклеєна кромкою ПВХ.
Базова комплектація - фурнітура, ручки пластикові, навіс звичайний, силіконові амортизатори, газові підйомники.

У програмі 3Д розстановки меблів Ви можете:
Створити безкоштовний 3Д проект кухні
Підібрати і візуалізувати по секціях і модулям свою індивідуальну кухню;
Підібрати колір корпусу і фасаду до Вашого інтер'єру;
Роздрукувати зовнішній вигляд, специфікацію секцій і побачити ціну кухні.

Для безкоштовного 3D проекту заповніть форму
Менеджер зв'яжеться з вами найближчим часом для уточнення деталей проекту
Ім'я
Телефон
Місто
Натискаючи на кнопку, я надаю згоду на обробку персональних даних. *
Відправити

Умови поставки
Доставка від фабрики.
Доставка здійснюється до під'їзду. Вартість доставки безкоштовно (г.Киев,Киевская область,г.Чернигов,Черниговская область)
- Киев, Барышевка, Белая Церковь, Борисполь, Бородянка, Бровары, Васильков, Володарка, Вышгород, Обухов, Переяслав-Хмельницкий, Фастов, Иванков, Кагарлык, Макаров, Згуровка, Богуслав, Мироновка, Красятичи, Ракитное, Сквыра, Ставыще, Тараща, Тетиев, Яготин
Заказ на сумму меньше 3000грн, стоимость доставки - 300грн.
Нова Пошта
Доставка компанією ""Нова пошта"" здійснюється після 30% передоплати. Вартість буде розрахована згідно з тарифами ""Нової Пошти"".
Самовивіз
Самовивіз товару зі складу за адресою: м. Біла Церква, вул. Небесної Сотні 24
Замовити замір
Вартість виміру приміщення 200 грн. Оплата за замір приміщення платить клієнт і у вартість замовлення не входить.
Відвідайте фірмовий магазин
адреса: м. Київ, ул. Біломорська 2, ТЦ ""Ваш Дом"" 1-й поверх.

Кредит/розстрочка.
Переваги сервісу ""Оплата частинами""!
Термін кредиту до 36 місяців;
Рішення банку про надання кредиту займає 10-15 хвилин;
Можливість придбати будь-який товар не виходячи з дому;
Зручне погашення кредиту в терміналах і відділеннях Банку по всій Україні.
Більше ніяких сканів документів!
Швидкий, зручний спосіб оформлення, відсутність початкового внеску.
Вимоги
Необхідні документи-паспорт громадянина України та ІПН;
Вік від 21 Про 70 років.;
умови кредитування:< / b>
Валюта кредитування-UAH
Термін кредитування - від 8 до 36 місяців
Щомісячна комісія-0% перші 5 місяців, з шостого місяця 3,5% (можливе дострокове погашення).
Сума кредиту — від 1000 до 50 000 грн
Початковий внесок-0%
Дострокове погашення кредиту без комісій""Кухня ""Фарбований високий глянець"" KX-6732";від 8 962 грн/м.пог.;від 7 349 грн/м.пог.;KX-6732;2140мм;3000 мм;1700 мм;Низький;Є;12 міс.;ЛДСП;ДСП;Розібрано в пачках;В наявності;"шир.3000 мм;2140 мм; гл. 1700 мм;
Елементи модульної кухні можна виготовити нестандартної ширини з інтервалом 1см.
При замовленні елемента нестандартного розміру, вартість збільшується на 50% від наступного стандартного розміру.

Матеріал корпусу - ЛДСП.
Матеріал фасаду - фарбований з ДСП, покритий высокоглянцевым УФ лаком і обклеєна кромкою ПВХ.
Базова комплектація - фурнітура, ручки пластикові, навіс звичайний, силіконові амортизатори, газові підйомники.

У програмі 3Д розстановки меблів Ви можете:
Створити безкоштовний 3Д проект кухні
Підібрати і візуалізувати по секціях і модулям свою індивідуальну кухню;
Підібрати колір корпусу і фасаду до Вашого інтер'єру;
Роздрукувати зовнішній вигляд, специфікацію секцій і побачити ціну кухні.

Для безкоштовного 3D проекту заповніть форму
Менеджер зв'яжеться з вами найближчим часом для уточнення деталей проекту
Ім'я
Телефон
Місто
Натискаючи на кнопку, я надаю згоду на обробку персональних даних. *
Відправити

Умови поставки
Доставка від фабрики.
Доставка здійснюється до під'їзду. Вартість доставки безкоштовно (г.Киев,Киевская область,г.Чернигов,Черниговская область)
- Киев, Барышевка, Белая Церковь, Борисполь, Бородянка, Бровары, Васильков, Володарка, Вышгород, Обухов, Переяслав-Хмельницкий, Фастов, Иванков, Кагарлык, Макаров, Згуровка, Богуслав, Мироновка, Красятичи, Ракитное, Сквыра, Ставыще, Тараща, Тетиев, Яготин
Заказ на сумму меньше 3000грн, стоимость доставки - 300грн.
Нова Пошта
Доставка компанією ""Нова пошта"" здійснюється після 30% передоплати. Вартість буде розрахована згідно з тарифами ""Нової Пошти"".
Самовивіз
Самовивіз товару зі складу за адресою: м. Біла Церква, вул. Небесної Сотні 24
Замовити замір
Вартість виміру приміщення 200 грн. Оплата за замір приміщення платить клієнт і у вартість замовлення не входить.
Відвідайте фірмовий магазин
адреса: м. Київ, ул. Біломорська 2, ТЦ ""Ваш Дом"" 1-й поверх.

Кредит/розстрочка.
Переваги сервісу ""Оплата частинами""!
Термін кредиту до 36 місяців;
Рішення банку про надання кредиту займає 10-15 хвилин;
Можливість придбати будь-який товар не виходячи з дому;
Зручне погашення кредиту в терміналах і відділеннях Банку по всій Україні.
Більше ніяких сканів документів!
Швидкий, зручний спосіб оформлення, відсутність початкового внеску.
Вимоги
Необхідні документи-паспорт громадянина України та ІПН;
Вік від 21 Про 70 років.;
умови кредитування:< / b>
Валюта кредитування-UAH
Термін кредитування - від 8 до 36 місяців
Щомісячна комісія-0% перші 5 місяців, з шостого місяця 3,5% (можливе дострокове погашення).
Сума кредиту — від 1000 до 50 000 грн
Початковий внесок-0%
Дострокове погашення кредиту без комісій""Кухня ""Фарбований високий глянець"" KX-6733";від 8 962 грн/м.пог.;від 7 349 грн/м.пог.;KX-6733;3600 мм;2700 мм;Низький;Є;12 міс.;ЛДСП;ДСП;Розібрано в пачках;В наявності;Готівковий/Безготівковий;"шир.3600 мм; гл. 2700 мм;
Елементи модульної кухні можна виготовити нестандартної ширини з інтервалом 1см.
При замовленні елемента нестандартного розміру, вартість збільшується на 50% від наступного стандартного розміру.

Матеріал корпусу - ЛДСП.
Матеріал фасаду - фарбований з ДСП, покритий высокоглянцевым УФ лаком і обклеєна кромкою ПВХ.
Базова комплектація - фурнітура, ручки пластикові, навіс звичайний, силіконові амортизатори, газові підйомники.

У програмі 3Д розстановки меблів Ви можете:
Створити безкоштовний 3Д проект кухні
Підібрати і візуалізувати по секціях і модулям свою індивідуальну кухню;
Підібрати колір корпусу і фасаду до Вашого інтер'єру;
Роздрукувати зовнішній вигляд, специфікацію секцій і побачити ціну кухні.

Для безкоштовного 3D проекту заповніть форму
Менеджер зв'яжеться з вами найближчим часом для уточнення деталей проекту
Ім'я
Телефон
Місто
Натискаючи на кнопку, я надаю згоду на обробку персональних даних. *
Відправити

Умови поставки
Доставка від фабрики.
Доставка здійснюється до під'їзду. Вартість доставки безкоштовно (г.Киев,Киевская область,г.Чернигов,Черниговская область)
- Киев, Барышевка, Белая Церковь, Борисполь, Бородянка, Бровары, Васильков, Володарка, Вышгород, Обухов, Переяслав-Хмельницкий, Фастов, Иванков, Кагарлык, Макаров, Згуровка, Богуслав, Мироновка, Красятичи, Ракитное, Сквыра, Ставыще, Тараща, Тетиев, Яготин
Заказ на сумму меньше 3000грн, стоимость доставки - 300грн.
Нова Пошта
Доставка компанією ""Нова пошта"" здійснюється після 30% передоплати. Вартість буде розрахована згідно з тарифами ""Нової Пошти"".
Самовивіз
Самовивіз товару зі складу за адресою: м. Біла Церква, вул. Небесної Сотні 24
Замовити замір
Вартість виміру приміщення 200 грн. Оплата за замір приміщення платить клієнт і у вартість замовлення не входить.
Відвідайте фірмовий магазин
адреса: м. Київ, ул. Біломорська 2, ТЦ ""Ваш Дом"" 1-й поверх.

Кредит/розстрочка.
Переваги сервісу ""Оплата частинами""!
Термін кредиту до 36 місяців;
Рішення банку про надання кредиту займає 10-15 хвилин;
Можливість придбати будь-який товар не виходячи з дому;
Зручне погашення кредиту в терміналах і відділеннях Банку по всій Україні.
Більше ніяких сканів документів!
Швидкий, зручний спосіб оформлення, відсутність початкового внеску.
Вимоги
Необхідні документи-паспорт громадянина України та ІПН;
Вік від 21 Про 70 років.;
умови кредитування:< / b>
Валюта кредитування-UAH
Термін кредитування - від 8 до 36 місяців
Щомісячна комісія-0% перші 5 місяців, з шостого місяця 3,5% (можливе дострокове погашення).
Сума кредиту — від 1000 до 50 000 грн
Початковий внесок-0%
Дострокове погашення кредиту без комісій""Кухня ""Фарбований високий глянець"" KX-6734";від 8 962 грн/м.пог.;від 7 349 грн/м.пог.;KX-6734;2140 мм;3300 мм;1600 мм;Низький;Є;12 міс.;ЛДСП;ДСП;Розібрано в пачках;В наявності;"шир.3300 мм;2140 мм; гл. 1600 мм;
Елементи модульної кухні можна виготовити нестандартної ширини з інтервалом 1см.
При замовленні елемента нестандартного розміру, вартість збільшується на 50% від наступного стандартного розміру.

Матеріал корпусу - ЛДСП.
Матеріал фасаду - фарбований з ДСП, покритий высокоглянцевым УФ лаком і обклеєна кромкою ПВХ.
Базова комплектація - фурнітура, ручки пластикові, навіс звичайний, силіконові амортизатори, газові підйомники.

У програмі 3Д розстановки меблів Ви можете:
Створити безкоштовний 3Д проект кухні
Підібрати і візуалізувати по секціях і модулям свою індивідуальну кухню;
Підібрати колір корпусу і фасаду до Вашого інтер'єру;
Роздрукувати зовнішній вигляд, специфікацію секцій і побачити ціну кухні.

Для безкоштовного 3D проекту заповніть форму
Менеджер зв'яжеться з вами найближчим часом для уточнення деталей проекту
Ім'я
Телефон
Місто
Натискаючи на кнопку, я надаю згоду на обробку персональних даних. *
Відправити

Умови поставки
Доставка від фабрики.
Доставка здійснюється до під'їзду. Вартість доставки безкоштовно (г.Киев,Киевская область,г.Чернигов,Черниговская область)
- Киев, Барышевка, Белая Церковь, Борисполь, Бородянка, Бровары, Васильков, Володарка, Вышгород, Обухов, Переяслав-Хмельницкий, Фастов, Иванков, Кагарлык, Макаров, Згуровка, Богуслав, Мироновка, Красятичи, Ракитное, Сквыра, Ставыще, Тараща, Тетиев, Яготин
Заказ на сумму меньше 3000грн, стоимость доставки - 300грн.
Нова Пошта
Доставка компанією ""Нова пошта"" здійснюється після 30% передоплати. Вартість буде розрахована згідно з тарифами ""Нової Пошти"".
Самовивіз
Самовивіз товару зі складу за адресою: м. Біла Церква, вул. Небесної Сотні 24
Замовити замір
Вартість виміру приміщення 200 грн. Оплата за замір приміщення платить клієнт і у вартість замовлення не входить.
Відвідайте фірмовий магазин
адреса: м. Київ, ул. Біломорська 2, ТЦ ""Ваш Дом"" 1-й поверх.

Кредит/розстрочка.
Переваги сервісу ""Оплата частинами""!
Термін кредиту до 36 місяців;
Рішення банку про надання кредиту займає 10-15 хвилин;
Можливість придбати будь-який товар не виходячи з дому;
Зручне погашення кредиту в терміналах і відділеннях Банку по всій Україні.
Більше ніяких сканів документів!
Швидкий, зручний спосіб оформлення, відсутність початкового внеску.
Вимоги
Необхідні документи-паспорт громадянина України та ІПН;
Вік від 21 Про 70 років.;
умови кредитування:< / b>
Валюта кредитування-UAH
Термін кредитування - від 8 до 36 місяців
Щомісячна комісія-0% перші 5 місяців, з шостого місяця 3,5% (можливе дострокове погашення).
Сума кредиту — від 1000 до 50 000 грн
Початковий внесок-0%
Дострокове погашення кредиту без комісій""Кухня ""Фарбований високий глянець"" KX-6736";від 8 962 грн/м.пог.;від 7 349 грн/м.пог.;KX-6736;2140 мм;3000 мм;1700 мм;Низький;Є;12 міс.;ЛДСП;ДСП;Розібрано в пачках;В наявності;"шир.3000 мм;2140 мм; гл. 1700 мм;
Елементи модульної кухні можна виготовити нестандартної ширини з інтервалом 1см.
При замовленні елемента нестандартного розміру, вартість збільшується на 50% від наступного стандартного розміру.

Матеріал корпусу - ЛДСП.
Матеріал фасаду - фарбований з ДСП, покритий высокоглянцевым УФ лаком і обклеєна кромкою ПВХ.
Базова комплектація - фурнітура, ручки пластикові, навіс звичайний, силіконові амортизатори, газові підйомники.

У програмі 3Д розстановки меблів Ви можете:
Створити безкоштовний 3Д проект кухні
Підібрати і візуалізувати по секціях і модулям свою індивідуальну кухню;
Підібрати колір корпусу і фасаду до Вашого інтер'єру;
Роздрукувати зовнішній вигляд, специфікацію секцій і побачити ціну кухні.

Для безкоштовного 3D проекту заповніть форму
Менеджер зв'яжеться з вами найближчим часом для уточнення деталей проекту
Ім'я
Телефон
Місто
Натискаючи на кнопку, я надаю згоду на обробку персональних даних. *
Відправити

Умови поставки
Доставка від фабрики.
Доставка здійснюється до під'їзду. Вартість доставки безкоштовно (г.Киев,Киевская область,г.Чернигов,Черниговская область)
- Киев, Барышевка, Белая Церковь, Борисполь, Бородянка, Бровары, Васильков, Володарка, Вышгород, Обухов, Переяслав-Хмельницкий, Фастов, Иванков, Кагарлык, Макаров, Згуровка, Богуслав, Мироновка, Красятичи, Ракитное, Сквыра, Ставыще, Тараща, Тетиев, Яготин
Заказ на сумму меньше 3000грн, стоимость доставки - 300грн.
Нова Пошта
Доставка компанією ""Нова пошта"" здійснюється після 30% передоплати. Вартість буде розрахована згідно з тарифами ""Нової Пошти"".
Самовивіз
Самовивіз товару зі складу за адресою: м. Біла Церква, вул. Небесної Сотні 24
Замовити замір
Вартість виміру приміщення 200 грн. Оплата за замір приміщення платить клієнт і у вартість замовлення не входить.
Відвідайте фірмовий магазин
адреса: м. Київ, ул. Біломорська 2, ТЦ ""Ваш Дом"" 1-й поверх.

Кредит/розстрочка.
Переваги сервісу ""Оплата частинами""!
Термін кредиту до 36 місяців;
Рішення банку про надання кредиту займає 10-15 хвилин;
Можливість придбати будь-який товар не виходячи з дому;
Зручне погашення кредиту в терміналах і відділеннях Банку по всій Україні.
Більше ніяких сканів документів!
Швидкий, зручний спосіб оформлення, відсутність початкового внеску.
Вимоги
Необхідні документи-паспорт громадянина України та ІПН;
Вік від 21 Про 70 років.;
умови кредитування:< / b>
Валюта кредитування-UAH
Термін кредитування - від 8 до 36 місяців
Щомісячна комісія-0% перші 5 місяців, з шостого місяця 3,5% (можливе дострокове погашення).
Сума кредиту — від 1000 до 50 000 грн
Початковий внесок-0%
Дострокове погашення кредиту без комісій"